FlowTypeID,FlowGroupID,Value
Biomass Turnover: Coarse Roots -> AG Fast,Biomass Turnover: Total,1.0000
Biomass Turnover: Coarse Roots -> BG Fast,Biomass Turnover: Total,1.0000
Biomass Turnover: Fine Roots -> AG Very Fast,Biomass Turnover: Total,1.0000
Biomass Turnover: Fine Roots -> BG Very Fast,Biomass Turnover: Total,1.0000
Biomass Turnover: Foliage -> AG Very Fast,Biomass Turnover: Total,1.0000
Biomass Turnover: Merchantable -> Snag Stems,Biomass Turnover: Total,1.0000
Biomass Turnover: Other Wood -> AG Fast,Biomass Turnover: Total,1.0000
Biomass Turnover: Other Wood -> Snag Branches,Biomass Turnover: Total,1.0000
Decay: AG Fast -> AG Slow,Decay: Total,1.0000
Decay: AG Fast -> AG Slow,Q10 Slow Flows,1.0000
Decay: AG Medium -> AG Slow,Decay: Total,1.0000
Decay: AG Medium -> AG Slow,Q10 Slow Flows,1.0000
Decay: AG Very Fast -> AG Slow,Decay: Total,1.0000
Decay: AG Very Fast -> AG Slow,Q10 Fast Flows,1.0000
Decay: AG Very Fast -> BG Slow,AG Very Fast ->,
Decay: BG Fast -> BG Slow,Decay: Total,1.0000
Decay: BG Fast -> BG Slow,Q10 Slow Flows,1.0000
Decay: BG Very Fast -> BG Slow,BG Very Fast ->,
Decay: BG Very Fast -> BG Slow,Decay: Total,1.0000
Decay: BG Very Fast -> BG Slow,Q10 Slow Flows,1.0000
Decay: Snag Branch -> AG Slow,Decay: Total,1.0000
Decay: Snag Branch -> AG Slow,Q10 Slow Flows,1.0000
Decay: Snag Stem -> AG Slow,Decay: Total,1.0000
Decay: Snag Stem -> AG Slow,Q10 Slow Flows,1.0000
Emission: AG Fast -> Atmosphere,Annual Net CO2 Emissions (CO2e),3.6700
Emission: AG Fast -> Atmosphere,Annual Net CO2 Removals (CO2e),-3.6700
Emission: AG Fast -> Atmosphere,Annual Net Emissions (CO2e),3.6700
Emission: AG Fast -> Atmosphere,Annual Net Removals (CO2e),-3.6700
Emission: AG Fast -> Atmosphere,Emission: Total,1.0000
Emission: AG Fast -> Atmosphere,Emission: Total (CO2e),3.6700
Emission: AG Fast -> Atmosphere,Emission: Total Rh,1.0000
Emission: AG Fast -> Atmosphere,Emission: Total Rh (CO2e),3.6700
Emission: AG Fast -> Atmosphere,Net Biome Productivity,-1.0000
Emission: AG Fast -> Atmosphere,Net Biome Productivity (CO2e),-3.6700
Emission: AG Fast -> Atmosphere,Net Ecosystem Productivity,-1.0000
Emission: AG Fast -> Atmosphere,Net Ecosystem Productivity (CO2e),-3.6700
Emission: AG Fast -> Atmosphere,Q10 Slow Flows,1.0000
Emission: AG Medium -> Atmosphere,Annual Net CO2 Emissions (CO2e),3.6700
Emission: AG Medium -> Atmosphere,Annual Net CO2 Removals (CO2e),-3.6700
Emission: AG Medium -> Atmosphere,Annual Net Emissions (CO2e),3.6700
Emission: AG Medium -> Atmosphere,Annual Net Removals (CO2e),-3.6700
Emission: AG Medium -> Atmosphere,Emission: Total,1.0000
Emission: AG Medium -> Atmosphere,Emission: Total (CO2e),3.6700
Emission: AG Medium -> Atmosphere,Emission: Total Rh,1.0000
Emission: AG Medium -> Atmosphere,Emission: Total Rh (CO2e),3.6700
Emission: AG Medium -> Atmosphere,Net Biome Productivity,-1.0000
Emission: AG Medium -> Atmosphere,Net Biome Productivity (CO2e),-3.6700
Emission: AG Medium -> Atmosphere,Net Ecosystem Productivity,-1.0000
Emission: AG Medium -> Atmosphere,Net Ecosystem Productivity (CO2e),-3.6700
Emission: AG Medium -> Atmosphere,Q10 Slow Flows,1.0000
Emission: AG Slow -> Atmosphere,Annual Net CO2 Emissions (CO2e),3.6700
Emission: AG Slow -> Atmosphere,Annual Net CO2 Removals (CO2e),-3.6700
Emission: AG Slow -> Atmosphere,Annual Net Emissions (CO2e),3.6700
Emission: AG Slow -> Atmosphere,Annual Net Removals (CO2e),-3.6700
Emission: AG Slow -> Atmosphere,Emission: Total,1.0000
Emission: AG Slow -> Atmosphere,Emission: Total (CO2e),3.6700
Emission: AG Slow -> Atmosphere,Emission: Total Rh,1.0000
Emission: AG Slow -> Atmosphere,Emission: Total Rh (CO2e),3.6700
Emission: AG Slow -> Atmosphere,Net Biome Productivity,-1.0000
Emission: AG Slow -> Atmosphere,Net Biome Productivity (CO2e),-3.6700
Emission: AG Slow -> Atmosphere,Net Ecosystem Productivity,-1.0000
Emission: AG Slow -> Atmosphere,Net Ecosystem Productivity (CO2e),-3.6700
Emission: AG Slow -> Atmosphere,Q10 Fast Flows,1.0000
Emission: AG Very Fast -> Atmosphere,AG Very Fast ->,
Emission: AG Very Fast -> Atmosphere,Annual Net CO2 Emissions (CO2e),3.6700
Emission: AG Very Fast -> Atmosphere,Annual Net CO2 Removals (CO2e),-3.6700
Emission: AG Very Fast -> Atmosphere,Annual Net Emissions (CO2e),3.6700
Emission: AG Very Fast -> Atmosphere,Annual Net Removals (CO2e),-3.6700
Emission: AG Very Fast -> Atmosphere,Emission: Total,1.0000
Emission: AG Very Fast -> Atmosphere,Emission: Total (CO2e),3.6700
Emission: AG Very Fast -> Atmosphere,Emission: Total Rh,1.0000
Emission: AG Very Fast -> Atmosphere,Emission: Total Rh (CO2e),3.6700
Emission: AG Very Fast -> Atmosphere,Net Biome Productivity,-1.0000
Emission: AG Very Fast -> Atmosphere,Net Biome Productivity (CO2e),-3.6700
Emission: AG Very Fast -> Atmosphere,Net Ecosystem Productivity,-1.0000
Emission: AG Very Fast -> Atmosphere,Net Ecosystem Productivity (CO2e),-3.6700
Emission: AG Very Fast -> Atmosphere,Q10 Fast Flows,1.0000
Emission: BG Fast -> Atmosphere,Annual Net CO2 Emissions (CO2e),3.6700
Emission: BG Fast -> Atmosphere,Annual Net CO2 Removals (CO2e),-3.6700
Emission: BG Fast -> Atmosphere,Annual Net Emissions (CO2e),3.6700
Emission: BG Fast -> Atmosphere,Annual Net Removals (CO2e),-3.6700
Emission: BG Fast -> Atmosphere,Emission: Total,1.0000
Emission: BG Fast -> Atmosphere,Emission: Total (CO2e),3.6700
Emission: BG Fast -> Atmosphere,Emission: Total Rh,1.0000
Emission: BG Fast -> Atmosphere,Emission: Total Rh (CO2e),3.6700
Emission: BG Fast -> Atmosphere,Net Biome Productivity,-1.0000
Emission: BG Fast -> Atmosphere,Net Biome Productivity (CO2e),-3.6700
Emission: BG Fast -> Atmosphere,Net Ecosystem Productivity,-1.0000
Emission: BG Fast -> Atmosphere,Net Ecosystem Productivity (CO2e),-3.6700
Emission: BG Fast -> Atmosphere,Q10 Slow Flows,1.0000
Emission: BG Slow -> Atmosphere,Annual Net CO2 Emissions (CO2e),3.6700
Emission: BG Slow -> Atmosphere,Annual Net CO2 Removals (CO2e),-3.6700
Emission: BG Slow -> Atmosphere,Annual Net Emissions (CO2e),3.6700
Emission: BG Slow -> Atmosphere,Annual Net Removals (CO2e),-3.6700
Emission: BG Slow -> Atmosphere,BG Slow ->,
Emission: BG Slow -> Atmosphere,Emission: Total,1.0000
Emission: BG Slow -> Atmosphere,Emission: Total (CO2e),3.6700
Emission: BG Slow -> Atmosphere,Emission: Total Rh,1.0000
Emission: BG Slow -> Atmosphere,Emission: Total Rh (CO2e),3.6700
Emission: BG Slow -> Atmosphere,Net Biome Productivity,-1.0000
Emission: BG Slow -> Atmosphere,Net Biome Productivity (CO2e),-3.6700
Emission: BG Slow -> Atmosphere,Net Ecosystem Productivity,-1.0000
Emission: BG Slow -> Atmosphere,Net Ecosystem Productivity (CO2e),-3.6700
Emission: BG Very Fast -> Atmosphere,Annual Net CO2 Emissions (CO2e),3.6700
Emission: BG Very Fast -> Atmosphere,Annual Net CO2 Removals (CO2e),-3.6700
Emission: BG Very Fast -> Atmosphere,Annual Net Emissions (CO2e),3.6700
Emission: BG Very Fast -> Atmosphere,Annual Net Removals (CO2e),-3.6700
Emission: BG Very Fast -> Atmosphere,BG Very Fast ->,
Emission: BG Very Fast -> Atmosphere,Emission: Total,1.0000
Emission: BG Very Fast -> Atmosphere,Emission: Total (CO2e),3.6700
Emission: BG Very Fast -> Atmosphere,Emission: Total Rh,1.0000
Emission: BG Very Fast -> Atmosphere,Emission: Total Rh (CO2e),3.6700
Emission: BG Very Fast -> Atmosphere,Net Biome Productivity,-1.0000
Emission: BG Very Fast -> Atmosphere,Net Biome Productivity (CO2e),-3.6700
Emission: BG Very Fast -> Atmosphere,Net Ecosystem Productivity,-1.0000
Emission: BG Very Fast -> Atmosphere,Net Ecosystem Productivity (CO2e),-3.6700
Emission: BG Very Fast -> Atmosphere,Q10 Slow Flows,1.0000
Emission: Snag Branch -> Atmosphere,Annual Net CO2 Emissions (CO2e),3.6700
Emission: Snag Branch -> Atmosphere,Annual Net CO2 Removals (CO2e),-3.6700
Emission: Snag Branch -> Atmosphere,Annual Net Emissions (CO2e),3.6700
Emission: Snag Branch -> Atmosphere,Annual Net Removals (CO2e),-3.6700
Emission: Snag Branch -> Atmosphere,Emission: Total,1.0000
Emission: Snag Branch -> Atmosphere,Emission: Total (CO2e),3.6700
Emission: Snag Branch -> Atmosphere,Emission: Total Rh,1.0000
Emission: Snag Branch -> Atmosphere,Emission: Total Rh (CO2e),3.6700
Emission: Snag Branch -> Atmosphere,Net Biome Productivity,-1.0000
Emission: Snag Branch -> Atmosphere,Net Biome Productivity (CO2e),-3.6700
Emission: Snag Branch -> Atmosphere,Net Ecosystem Productivity,-1.0000
Emission: Snag Branch -> Atmosphere,Net Ecosystem Productivity (CO2e),-3.6700
Emission: Snag Branch -> Atmosphere,Q10 Slow Flows,1.0000
Emission: Snag Stem -> Atmosphere,Annual Net CO2 Emissions (CO2e),3.6700
Emission: Snag Stem -> Atmosphere,Annual Net CO2 Removals (CO2e),-3.6700
Emission: Snag Stem -> Atmosphere,Annual Net Emissions (CO2e),3.6700
Emission: Snag Stem -> Atmosphere,Annual Net Removals (CO2e),-3.6700
Emission: Snag Stem -> Atmosphere,Emission: Total,1.0000
Emission: Snag Stem -> Atmosphere,Emission: Total (CO2e),3.6700
Emission: Snag Stem -> Atmosphere,Emission: Total Rh,1.0000
Emission: Snag Stem -> Atmosphere,Emission: Total Rh (CO2e),3.6700
Emission: Snag Stem -> Atmosphere,Net Biome Productivity,-1.0000
Emission: Snag Stem -> Atmosphere,Net Biome Productivity (CO2e),-3.6700
Emission: Snag Stem -> Atmosphere,Net Ecosystem Productivity,-1.0000
Emission: Snag Stem -> Atmosphere,Net Ecosystem Productivity (CO2e),-3.6700
Emission: Snag Stem -> Atmosphere,Q10 Slow Flows,1.0000
Lateral Transport: AG Very Fast -> Aquatic,AG Very Fast ->,
Lateral Transport: BG Slow -> Aquatic,BG Slow ->,
Lateral Transport: BG Very Fast -> Aquatic,BG Very Fast ->,
LULC: Emission DOM CH4,Annual Net Emissions (CO2e),33.3333
LULC: Emission DOM CH4,Annual Net Removals (CO2e),-33.3333
LULC: Emission DOM CH4,Emission: Total,1.0000
LULC: Emission DOM CH4,Emission: Total (CO2e),33.5000
LULC: Emission DOM CH4,LULC: Emission,1.0000
LULC: Emission DOM CH4,LULC: Emission (CO2e),33.5000
LULC: Emission DOM CH4,LULC: Emission CH4,1.0000
LULC: Emission DOM CH4,LULC: Emission CH4 (CO2e),33.5000
LULC: Emission DOM CH4,LULC: Emission DOM,1.0000
LULC: Emission DOM CH4,LULC: Emission DOM (CO2e),33.5000
LULC: Emission DOM CH4,Net Biome Productivity,-1.0000
LULC: Emission DOM CH4,Net Biome Productivity (CO2e),-33.5000
LULC: Emission DOM CO,Annual Net Emissions (CO2e),3.6700
LULC: Emission DOM CO,Annual Net Removals (CO2e),-3.6700
LULC: Emission DOM CO,Emission: Total,1.0000
LULC: Emission DOM CO,Emission: Total (CO2e),4.6600
LULC: Emission DOM CO,LULC: Emission,1.0000
LULC: Emission DOM CO,LULC: Emission (CO2e),4.6600
LULC: Emission DOM CO,LULC: Emission CO,1.0000
LULC: Emission DOM CO,LULC: Emission CO (CO2e),4.6600
LULC: Emission DOM CO,LULC: Emission DOM,1.0000
LULC: Emission DOM CO,LULC: Emission DOM (CO2e),4.6600
LULC: Emission DOM CO,Net Biome Productivity,-1.0000
LULC: Emission DOM CO,Net Biome Productivity (CO2e),-4.6600
LULC: Emission DOM CO2,Annual Net CO2 Emissions (CO2e),3.6700
LULC: Emission DOM CO2,Annual Net CO2 Removals (CO2e),-3.6700
LULC: Emission DOM CO2,Annual Net Emissions (CO2e),3.6700
LULC: Emission DOM CO2,Annual Net Removals (CO2e),-3.6700
LULC: Emission DOM CO2,Emission: Total,1.0000
LULC: Emission DOM CO2,Emission: Total (CO2e),3.6700
LULC: Emission DOM CO2,LULC: Emission,1.0000
LULC: Emission DOM CO2,LULC: Emission (CO2e),3.6700
LULC: Emission DOM CO2,LULC: Emission CO2,1.0000
LULC: Emission DOM CO2,LULC: Emission CO2 (CO2e),3.6700
LULC: Emission DOM CO2,LULC: Emission DOM,1.0000
LULC: Emission DOM CO2,LULC: Emission DOM (CO2e),3.6700
LULC: Emission DOM CO2,Net Biome Productivity,-1.0000
LULC: Emission DOM CO2,Net Biome Productivity (CO2e),-3.6700
LULC: Emission Live CH4,Annual Net Emissions (CO2e),33.3333
LULC: Emission Live CH4,Annual Net Removals (CO2e),-33.3333
LULC: Emission Live CH4,Emission: Total,1.0000
LULC: Emission Live CH4,Emission: Total (CO2e),33.5000
LULC: Emission Live CH4,LULC: Emission,1.0000
LULC: Emission Live CH4,LULC: Emission (CO2e),33.5000
LULC: Emission Live CH4,LULC: Emission CH4,1.0000
LULC: Emission Live CH4,LULC: Emission CH4 (CO2e),33.5000
LULC: Emission Live CH4,LULC: Emission Live,1.0000
LULC: Emission Live CH4,LULC: Emission Live (CO2e),33.5000
LULC: Emission Live CH4,Net Biome Productivity,-1.0000
LULC: Emission Live CH4,Net Biome Productivity (CO2e),-33.5000
LULC: Emission Live CO,Annual Net Emissions (CO2e),3.6700
LULC: Emission Live CO,Annual Net Removals (CO2e),-3.6700
LULC: Emission Live CO,Emission: Total,1.0000
LULC: Emission Live CO,Emission: Total (CO2e),4.6600
LULC: Emission Live CO,LULC: Emission,1.0000
LULC: Emission Live CO,LULC: Emission (CO2e),4.6600
LULC: Emission Live CO,LULC: Emission CO,1.0000
LULC: Emission Live CO,LULC: Emission CO (CO2e),4.6600
LULC: Emission Live CO,LULC: Emission Live,1.0000
LULC: Emission Live CO,LULC: Emission Live (CO2e),4.6600
LULC: Emission Live CO,Net Biome Productivity,-1.0000
LULC: Emission Live CO,Net Biome Productivity (CO2e),-4.6600
LULC: Emission Live CO2,Annual Net CO2 Emissions (CO2e),3.6700
LULC: Emission Live CO2,Annual Net CO2 Removals (CO2e),-3.6700
LULC: Emission Live CO2,Annual Net Emissions (CO2e),3.6700
LULC: Emission Live CO2,Annual Net Removals (CO2e),-3.6700
LULC: Emission Live CO2,Emission: Total,1.0000
LULC: Emission Live CO2,Emission: Total (CO2e),3.6700
LULC: Emission Live CO2,LULC: Emission,1.0000
LULC: Emission Live CO2,LULC: Emission (CO2e),3.6700
LULC: Emission Live CO2,LULC: Emission CO2,1.0000
LULC: Emission Live CO2,LULC: Emission CO2 (CO2e),3.6700
LULC: Emission Live CO2,LULC: Emission Live,1.0000
LULC: Emission Live CO2,LULC: Emission Live (CO2e),3.6700
LULC: Emission Live CO2,Net Biome Productivity,-1.0000
LULC: Emission Live CO2,Net Biome Productivity (CO2e),-3.6700
LULC: Harvest DOM,Annual Net CO2 Emissions (CO2e),3.6700
LULC: Harvest DOM,Annual Net CO2 Removals (CO2e),-3.6700
LULC: Harvest DOM,Annual Net Emissions (CO2e),3.6700
LULC: Harvest DOM,Annual Net Removals (CO2e),-3.6700
LULC: Harvest DOM,LULC: Harvest,1.0000
LULC: Harvest DOM,Net Biome Productivity,-1.0000
LULC: Harvest DOM,Net Biome Productivity (CO2e),-3.6700
LULC: Harvest Live,Annual Net CO2 Emissions (CO2e),3.6700
LULC: Harvest Live,Annual Net CO2 Removals (CO2e),-3.6700
LULC: Harvest Live,Annual Net Emissions (CO2e),3.6700
LULC: Harvest Live,Annual Net Removals (CO2e),-3.6700
LULC: Harvest Live,LULC: Harvest,1.0000
LULC: Harvest Live,Net Biome Productivity,-1.0000
LULC: Harvest Live,Net Biome Productivity (CO2e),-3.6700
LULC: Mortality Live,LULC: Mortality,1.0000
LULC: Transfer DOM,LULC: Transfer,1.0000
Net Growth Forest: Atmosphere -> Coarse Roots,Annual Net CO2 Emissions (CO2e),-3.6700
Net Growth Forest: Atmosphere -> Coarse Roots,Annual Net CO2 Removals (CO2e),3.6700
Net Growth Forest: Atmosphere -> Coarse Roots,Annual Net Emissions (CO2e),-3.6700
Net Growth Forest: Atmosphere -> Coarse Roots,Annual Net Removals (CO2e),3.6700
Net Growth Forest: Atmosphere -> Coarse Roots,Net Biome Productivity,1.0000
Net Growth Forest: Atmosphere -> Coarse Roots,Net Biome Productivity (CO2e),3.6700
Net Growth Forest: Atmosphere -> Coarse Roots,Net Ecosystem Productivity,1.0000
Net Growth Forest: Atmosphere -> Coarse Roots,Net Ecosystem Productivity (CO2e),3.6700
Net Growth Forest: Atmosphere -> Coarse Roots,Net Growth Forest: Total,1.0000
Net Growth Forest: Atmosphere -> Coarse Roots,Net Growth: Total,
Net Growth Forest: Atmosphere -> Coarse Roots,Net Growth: Total (CO2e),3.6700
Net Growth Forest: Atmosphere -> Coarse Roots,Net Primary Productivity,
Net Growth Forest: Atmosphere -> Coarse Roots,Net Primary Productivity (CO2e),3.6700
Net Growth Forest: Atmosphere -> Fine Roots,Annual Net CO2 Emissions (CO2e),-3.6700
Net Growth Forest: Atmosphere -> Fine Roots,Annual Net CO2 Removals (CO2e),3.6700
Net Growth Forest: Atmosphere -> Fine Roots,Annual Net Emissions (CO2e),-3.6700
Net Growth Forest: Atmosphere -> Fine Roots,Annual Net Removals (CO2e),3.6700
Net Growth Forest: Atmosphere -> Fine Roots,Net Biome Productivity,1.0000
Net Growth Forest: Atmosphere -> Fine Roots,Net Biome Productivity (CO2e),3.6700
Net Growth Forest: Atmosphere -> Fine Roots,Net Ecosystem Productivity,1.0000
Net Growth Forest: Atmosphere -> Fine Roots,Net Ecosystem Productivity (CO2e),3.6700
Net Growth Forest: Atmosphere -> Fine Roots,Net Growth Forest: Total,1.0000
Net Growth Forest: Atmosphere -> Fine Roots,Net Growth: Total,
Net Growth Forest: Atmosphere -> Fine Roots,Net Growth: Total (CO2e),3.6700
Net Growth Forest: Atmosphere -> Fine Roots,Net Primary Productivity,
Net Growth Forest: Atmosphere -> Fine Roots,Net Primary Productivity (CO2e),3.6700
Net Growth Forest: Atmosphere -> Foliage,Annual Net CO2 Emissions (CO2e),-3.6700
Net Growth Forest: Atmosphere -> Foliage,Annual Net CO2 Removals (CO2e),3.6700
Net Growth Forest: Atmosphere -> Foliage,Annual Net Emissions (CO2e),-3.6700
Net Growth Forest: Atmosphere -> Foliage,Annual Net Removals (CO2e),3.6700
Net Growth Forest: Atmosphere -> Foliage,Net Biome Productivity,1.0000
Net Growth Forest: Atmosphere -> Foliage,Net Biome Productivity (CO2e),3.6700
Net Growth Forest: Atmosphere -> Foliage,Net Ecosystem Productivity,1.0000
Net Growth Forest: Atmosphere -> Foliage,Net Ecosystem Productivity (CO2e),3.6700
Net Growth Forest: Atmosphere -> Foliage,Net Growth Forest: Total,1.0000
Net Growth Forest: Atmosphere -> Foliage,Net Growth: Total,
Net Growth Forest: Atmosphere -> Foliage,Net Growth: Total (CO2e),3.6700
Net Growth Forest: Atmosphere -> Foliage,Net Primary Productivity,
Net Growth Forest: Atmosphere -> Foliage,Net Primary Productivity (CO2e),3.6700
Net Growth Forest: Atmosphere -> Merchantable,Annual Net CO2 Emissions (CO2e),-3.6700
Net Growth Forest: Atmosphere -> Merchantable,Annual Net CO2 Removals (CO2e),3.6700
Net Growth Forest: Atmosphere -> Merchantable,Annual Net Emissions (CO2e),-3.6700
Net Growth Forest: Atmosphere -> Merchantable,Annual Net Removals (CO2e),3.6700
Net Growth Forest: Atmosphere -> Merchantable,Net Biome Productivity,1.0000
Net Growth Forest: Atmosphere -> Merchantable,Net Biome Productivity (CO2e),3.6700
Net Growth Forest: Atmosphere -> Merchantable,Net Ecosystem Productivity,1.0000
Net Growth Forest: Atmosphere -> Merchantable,Net Ecosystem Productivity (CO2e),3.6700
Net Growth Forest: Atmosphere -> Merchantable,Net Growth Forest: Total,1.0000
Net Growth Forest: Atmosphere -> Merchantable,Net Growth: Total,
Net Growth Forest: Atmosphere -> Merchantable,Net Growth: Total (CO2e),3.6700
Net Growth Forest: Atmosphere -> Merchantable,Net Primary Productivity,
Net Growth Forest: Atmosphere -> Merchantable,Net Primary Productivity (CO2e),3.6700
Net Growth Forest: Atmosphere -> Other Wood,Annual Net CO2 Emissions (CO2e),-3.6700
Net Growth Forest: Atmosphere -> Other Wood,Annual Net CO2 Removals (CO2e),3.6700
Net Growth Forest: Atmosphere -> Other Wood,Annual Net Emissions (CO2e),-3.6700
Net Growth Forest: Atmosphere -> Other Wood,Annual Net Removals (CO2e),3.6700
Net Growth Forest: Atmosphere -> Other Wood,Net Biome Productivity,1.0000
Net Growth Forest: Atmosphere -> Other Wood,Net Biome Productivity (CO2e),3.6700
Net Growth Forest: Atmosphere -> Other Wood,Net Ecosystem Productivity,1.0000
Net Growth Forest: Atmosphere -> Other Wood,Net Ecosystem Productivity (CO2e),3.6700
Net Growth Forest: Atmosphere -> Other Wood,Net Growth Forest: Total,1.0000
Net Growth Forest: Atmosphere -> Other Wood,Net Growth: Total,
Net Growth Forest: Atmosphere -> Other Wood,Net Growth: Total (CO2e),3.6700
Net Growth Forest: Atmosphere -> Other Wood,Net Primary Productivity,
Net Growth Forest: Atmosphere -> Other Wood,Net Primary Productivity (CO2e),3.6700
Net Growth Grassland: Atmosphere -> Coarse Roots,Annual Net CO2 Emissions (CO2e),-3.6700
Net Growth Grassland: Atmosphere -> Coarse Roots,Annual Net CO2 Removals (CO2e),3.6700
Net Growth Grassland: Atmosphere -> Coarse Roots,Annual Net Emissions (CO2e),-3.6700
Net Growth Grassland: Atmosphere -> Coarse Roots,Annual Net Removals (CO2e),3.6700
Net Growth Grassland: Atmosphere -> Coarse Roots,Net Biome Productivity,1.0000
Net Growth Grassland: Atmosphere -> Coarse Roots,Net Biome Productivity (CO2e),3.6700
Net Growth Grassland: Atmosphere -> Coarse Roots,Net Ecosystem Productivity,1.0000
Net Growth Grassland: Atmosphere -> Coarse Roots,Net Ecosystem Productivity (CO2e),3.6700
Net Growth Grassland: Atmosphere -> Coarse Roots,Net Growth: Total,
Net Growth Grassland: Atmosphere -> Coarse Roots,Net Growth: Total (CO2e),3.6700
Net Growth Grassland: Atmosphere -> Coarse Roots,Net Primary Productivity,
Net Growth Grassland: Atmosphere -> Coarse Roots,Net Primary Productivity (CO2e),3.6700
Net Growth Grassland: Atmosphere -> Fine Roots,Annual Net CO2 Emissions (CO2e),-3.6700
Net Growth Grassland: Atmosphere -> Fine Roots,Annual Net CO2 Removals (CO2e),3.6700
Net Growth Grassland: Atmosphere -> Fine Roots,Annual Net Emissions (CO2e),-3.6700
Net Growth Grassland: Atmosphere -> Fine Roots,Annual Net Removals (CO2e),3.6700
Net Growth Grassland: Atmosphere -> Fine Roots,Net Biome Productivity,1.0000
Net Growth Grassland: Atmosphere -> Fine Roots,Net Biome Productivity (CO2e),3.6700
Net Growth Grassland: Atmosphere -> Fine Roots,Net Ecosystem Productivity,1.0000
Net Growth Grassland: Atmosphere -> Fine Roots,Net Ecosystem Productivity (CO2e),3.6700
Net Growth Grassland: Atmosphere -> Fine Roots,Net Growth: Total,
Net Growth Grassland: Atmosphere -> Fine Roots,Net Growth: Total (CO2e),3.6700
Net Growth Grassland: Atmosphere -> Fine Roots,Net Primary Productivity,
Net Growth Grassland: Atmosphere -> Fine Roots,Net Primary Productivity (CO2e),3.6700
Net Growth Grassland: Atmosphere -> Foliage,Annual Net CO2 Emissions (CO2e),-3.6700
Net Growth Grassland: Atmosphere -> Foliage,Annual Net CO2 Removals (CO2e),3.6700
Net Growth Grassland: Atmosphere -> Foliage,Annual Net Emissions (CO2e),-3.6700
Net Growth Grassland: Atmosphere -> Foliage,Annual Net Removals (CO2e),3.6700
Net Growth Grassland: Atmosphere -> Foliage,Net Biome Productivity,1.0000
Net Growth Grassland: Atmosphere -> Foliage,Net Biome Productivity (CO2e),3.6700
Net Growth Grassland: Atmosphere -> Foliage,Net Ecosystem Productivity,1.0000
Net Growth Grassland: Atmosphere -> Foliage,Net Ecosystem Productivity (CO2e),3.6700
Net Growth Grassland: Atmosphere -> Foliage,Net Growth: Total,
Net Growth Grassland: Atmosphere -> Foliage,Net Growth: Total (CO2e),3.6700
Net Growth Grassland: Atmosphere -> Foliage,Net Primary Productivity,
Net Growth Grassland: Atmosphere -> Foliage,Net Primary Productivity (CO2e),3.6700
Net Growth Grassland: Atmosphere -> Merchantable,Annual Net CO2 Emissions (CO2e),-3.6700
Net Growth Grassland: Atmosphere -> Merchantable,Annual Net CO2 Removals (CO2e),3.6700
Net Growth Grassland: Atmosphere -> Merchantable,Annual Net Emissions (CO2e),-3.6700
Net Growth Grassland: Atmosphere -> Merchantable,Annual Net Removals (CO2e),3.6700
Net Growth Grassland: Atmosphere -> Merchantable,Net Biome Productivity,1.0000
Net Growth Grassland: Atmosphere -> Merchantable,Net Biome Productivity (CO2e),3.6700
Net Growth Grassland: Atmosphere -> Merchantable,Net Ecosystem Productivity,1.0000
Net Growth Grassland: Atmosphere -> Merchantable,Net Ecosystem Productivity (CO2e),3.6700
Net Growth Grassland: Atmosphere -> Merchantable,Net Growth: Total,
Net Growth Grassland: Atmosphere -> Merchantable,Net Growth: Total (CO2e),3.6700
Net Growth Grassland: Atmosphere -> Merchantable,Net Primary Productivity,
Net Growth Grassland: Atmosphere -> Merchantable,Net Primary Productivity (CO2e),3.6700
Net Growth Grassland: Atmosphere -> Other Wood,Annual Net CO2 Emissions (CO2e),-3.6700
Net Growth Grassland: Atmosphere -> Other Wood,Annual Net CO2 Removals (CO2e),3.6700
Net Growth Grassland: Atmosphere -> Other Wood,Annual Net Emissions (CO2e),-3.6700
Net Growth Grassland: Atmosphere -> Other Wood,Annual Net Removals (CO2e),3.6700
Net Growth Grassland: Atmosphere -> Other Wood,Net Biome Productivity,1.0000
Net Growth Grassland: Atmosphere -> Other Wood,Net Biome Productivity (CO2e),3.6700
Net Growth Grassland: Atmosphere -> Other Wood,Net Ecosystem Productivity,1.0000
Net Growth Grassland: Atmosphere -> Other Wood,Net Ecosystem Productivity (CO2e),3.6700
Net Growth Grassland: Atmosphere -> Other Wood,Net Growth: Total,
Net Growth Grassland: Atmosphere -> Other Wood,Net Growth: Total (CO2e),3.6700
Net Growth Grassland: Atmosphere -> Other Wood,Net Primary Productivity,
Net Growth Grassland: Atmosphere -> Other Wood,Net Primary Productivity (CO2e),3.6700
Net Growth Shrubland: Atmosphere -> Coarse Roots,Annual Net CO2 Emissions (CO2e),-3.6700
Net Growth Shrubland: Atmosphere -> Coarse Roots,Annual Net CO2 Removals (CO2e),3.6700
Net Growth Shrubland: Atmosphere -> Coarse Roots,Annual Net Emissions (CO2e),-3.6700
Net Growth Shrubland: Atmosphere -> Coarse Roots,Annual Net Removals (CO2e),3.6700
Net Growth Shrubland: Atmosphere -> Coarse Roots,Net Biome Productivity,1.0000
Net Growth Shrubland: Atmosphere -> Coarse Roots,Net Biome Productivity (CO2e),3.6700
Net Growth Shrubland: Atmosphere -> Coarse Roots,Net Ecosystem Productivity,1.0000
Net Growth Shrubland: Atmosphere -> Coarse Roots,Net Ecosystem Productivity (CO2e),3.6700
Net Growth Shrubland: Atmosphere -> Coarse Roots,Net Growth: Total,
Net Growth Shrubland: Atmosphere -> Coarse Roots,Net Growth: Total (CO2e),3.6700
Net Growth Shrubland: Atmosphere -> Coarse Roots,Net Primary Productivity,
Net Growth Shrubland: Atmosphere -> Coarse Roots,Net Primary Productivity (CO2e),3.6700
Net Growth Shrubland: Atmosphere -> Fine Roots,Annual Net CO2 Emissions (CO2e),-3.6700
Net Growth Shrubland: Atmosphere -> Fine Roots,Annual Net CO2 Removals (CO2e),3.6700
Net Growth Shrubland: Atmosphere -> Fine Roots,Annual Net Emissions (CO2e),-3.6700
Net Growth Shrubland: Atmosphere -> Fine Roots,Annual Net Removals (CO2e),3.6700
Net Growth Shrubland: Atmosphere -> Fine Roots,Net Biome Productivity,1.0000
Net Growth Shrubland: Atmosphere -> Fine Roots,Net Biome Productivity (CO2e),3.6700
Net Growth Shrubland: Atmosphere -> Fine Roots,Net Ecosystem Productivity,1.0000
Net Growth Shrubland: Atmosphere -> Fine Roots,Net Ecosystem Productivity (CO2e),3.6700
Net Growth Shrubland: Atmosphere -> Fine Roots,Net Growth: Total,
Net Growth Shrubland: Atmosphere -> Fine Roots,Net Growth: Total (CO2e),3.6700
Net Growth Shrubland: Atmosphere -> Fine Roots,Net Primary Productivity,
Net Growth Shrubland: Atmosphere -> Fine Roots,Net Primary Productivity (CO2e),3.6700
Net Growth Shrubland: Atmosphere -> Foliage,Annual Net CO2 Emissions (CO2e),-3.6700
Net Growth Shrubland: Atmosphere -> Foliage,Annual Net CO2 Removals (CO2e),3.6700
Net Growth Shrubland: Atmosphere -> Foliage,Annual Net Emissions (CO2e),-3.6700
Net Growth Shrubland: Atmosphere -> Foliage,Annual Net Removals (CO2e),3.6700
Net Growth Shrubland: Atmosphere -> Foliage,Net Biome Productivity,1.0000
Net Growth Shrubland: Atmosphere -> Foliage,Net Biome Productivity (CO2e),3.6700
Net Growth Shrubland: Atmosphere -> Foliage,Net Ecosystem Productivity,1.0000
Net Growth Shrubland: Atmosphere -> Foliage,Net Ecosystem Productivity (CO2e),3.6700
Net Growth Shrubland: Atmosphere -> Foliage,Net Growth: Total,
Net Growth Shrubland: Atmosphere -> Foliage,Net Growth: Total (CO2e),3.6700
Net Growth Shrubland: Atmosphere -> Foliage,Net Primary Productivity,
Net Growth Shrubland: Atmosphere -> Foliage,Net Primary Productivity (CO2e),3.6700
Net Growth Shrubland: Atmosphere -> Merchantable,Annual Net CO2 Emissions (CO2e),-3.6700
Net Growth Shrubland: Atmosphere -> Merchantable,Annual Net CO2 Removals (CO2e),3.6700
Net Growth Shrubland: Atmosphere -> Merchantable,Annual Net Emissions (CO2e),-3.6700
Net Growth Shrubland: Atmosphere -> Merchantable,Annual Net Removals (CO2e),3.6700
Net Growth Shrubland: Atmosphere -> Merchantable,Net Biome Productivity,1.0000
Net Growth Shrubland: Atmosphere -> Merchantable,Net Biome Productivity (CO2e),3.6700
Net Growth Shrubland: Atmosphere -> Merchantable,Net Ecosystem Productivity,1.0000
Net Growth Shrubland: Atmosphere -> Merchantable,Net Ecosystem Productivity (CO2e),3.6700
Net Growth Shrubland: Atmosphere -> Merchantable,Net Growth: Total,
Net Growth Shrubland: Atmosphere -> Merchantable,Net Growth: Total (CO2e),3.6700
Net Growth Shrubland: Atmosphere -> Merchantable,Net Primary Productivity,
Net Growth Shrubland: Atmosphere -> Merchantable,Net Primary Productivity (CO2e),3.6700
Net Growth Shrubland: Atmosphere -> Other Wood,Annual Net CO2 Emissions (CO2e),-3.6700
Net Growth Shrubland: Atmosphere -> Other Wood,Annual Net CO2 Removals (CO2e),3.6700
Net Growth Shrubland: Atmosphere -> Other Wood,Annual Net Emissions (CO2e),-3.6700
Net Growth Shrubland: Atmosphere -> Other Wood,Annual Net Removals (CO2e),3.6700
Net Growth Shrubland: Atmosphere -> Other Wood,Net Biome Productivity,1.0000
Net Growth Shrubland: Atmosphere -> Other Wood,Net Biome Productivity (CO2e),3.6700
Net Growth Shrubland: Atmosphere -> Other Wood,Net Ecosystem Productivity,1.0000
Net Growth Shrubland: Atmosphere -> Other Wood,Net Ecosystem Productivity (CO2e),3.6700
Net Growth Shrubland: Atmosphere -> Other Wood,Net Growth: Total,
Net Growth Shrubland: Atmosphere -> Other Wood,Net Growth: Total (CO2e),3.6700
Net Growth Shrubland: Atmosphere -> Other Wood,Net Primary Productivity,
Net Growth Shrubland: Atmosphere -> Other Wood,Net Primary Productivity (CO2e),3.6700
Net Growth Wetland Emergent: Atmosphere -> Fine Roots,Annual Net CO2 Emissions (CO2e),-3.6700
Net Growth Wetland Emergent: Atmosphere -> Fine Roots,Annual Net CO2 Removals (CO2e),3.6700
Net Growth Wetland Emergent: Atmosphere -> Fine Roots,Annual Net Emissions (CO2e),-3.6700
Net Growth Wetland Emergent: Atmosphere -> Fine Roots,Annual Net Removals (CO2e),3.6700
Net Growth Wetland Emergent: Atmosphere -> Fine Roots,Net Biome Productivity,1.0000
Net Growth Wetland Emergent: Atmosphere -> Fine Roots,Net Biome Productivity (CO2e),3.6700
Net Growth Wetland Emergent: Atmosphere -> Fine Roots,Net Ecosystem Productivity,1.0000
Net Growth Wetland Emergent: Atmosphere -> Fine Roots,Net Ecosystem Productivity (CO2e),3.6700
Net Growth Wetland Emergent: Atmosphere -> Fine Roots,Net Growth: Total,
Net Growth Wetland Emergent: Atmosphere -> Fine Roots,Net Growth: Total (CO2e),3.6700
Net Growth Wetland Emergent: Atmosphere -> Fine Roots,Net Primary Productivity,
Net Growth Wetland Emergent: Atmosphere -> Fine Roots,Net Primary Productivity (CO2e),3.6700
Net Growth Wetland Emergent: Atmosphere -> Foliage,Annual Net CO2 Emissions (CO2e),-3.6700
Net Growth Wetland Emergent: Atmosphere -> Foliage,Annual Net CO2 Removals (CO2e),3.6700
Net Growth Wetland Emergent: Atmosphere -> Foliage,Annual Net Emissions (CO2e),-3.6700
Net Growth Wetland Emergent: Atmosphere -> Foliage,Annual Net Removals (CO2e),3.6700
Net Growth Wetland Emergent: Atmosphere -> Foliage,Net Biome Productivity,1.0000
Net Growth Wetland Emergent: Atmosphere -> Foliage,Net Biome Productivity (CO2e),3.6700
Net Growth Wetland Emergent: Atmosphere -> Foliage,Net Ecosystem Productivity,1.0000
Net Growth Wetland Emergent: Atmosphere -> Foliage,Net Ecosystem Productivity (CO2e),3.6700
Net Growth Wetland Emergent: Atmosphere -> Foliage,Net Growth: Total,
Net Growth Wetland Emergent: Atmosphere -> Foliage,Net Growth: Total (CO2e),3.6700
Net Growth Wetland Emergent: Atmosphere -> Foliage,Net Primary Productivity,
Net Growth Wetland Emergent: Atmosphere -> Foliage,Net Primary Productivity (CO2e),3.6700
Net Growth Wetland Forested: Atmosphere -> Coarse Roots,Annual Net CO2 Emissions (CO2e),-3.6700
Net Growth Wetland Forested: Atmosphere -> Coarse Roots,Annual Net CO2 Removals (CO2e),3.6700
Net Growth Wetland Forested: Atmosphere -> Coarse Roots,Annual Net Emissions (CO2e),-3.6700
Net Growth Wetland Forested: Atmosphere -> Coarse Roots,Annual Net Removals (CO2e),3.6700
Net Growth Wetland Forested: Atmosphere -> Coarse Roots,Net Biome Productivity,1.0000
Net Growth Wetland Forested: Atmosphere -> Coarse Roots,Net Biome Productivity (CO2e),3.6700
Net Growth Wetland Forested: Atmosphere -> Coarse Roots,Net Ecosystem Productivity,1.0000
Net Growth Wetland Forested: Atmosphere -> Coarse Roots,Net Ecosystem Productivity (CO2e),3.6700
Net Growth Wetland Forested: Atmosphere -> Coarse Roots,Net Growth Wetland Forested: Total,1.0000
Net Growth Wetland Forested: Atmosphere -> Coarse Roots,Net Growth: Total,
Net Growth Wetland Forested: Atmosphere -> Coarse Roots,Net Growth: Total (CO2e),3.6700
Net Growth Wetland Forested: Atmosphere -> Coarse Roots,Net Primary Productivity,
Net Growth Wetland Forested: Atmosphere -> Coarse Roots,Net Primary Productivity (CO2e),3.6700
Net Growth Wetland Forested: Atmosphere -> Fine Roots,Annual Net CO2 Emissions (CO2e),-3.6700
Net Growth Wetland Forested: Atmosphere -> Fine Roots,Annual Net CO2 Removals (CO2e),3.6700
Net Growth Wetland Forested: Atmosphere -> Fine Roots,Annual Net Emissions (CO2e),-3.6700
Net Growth Wetland Forested: Atmosphere -> Fine Roots,Annual Net Removals (CO2e),3.6700
Net Growth Wetland Forested: Atmosphere -> Fine Roots,Net Biome Productivity,1.0000
Net Growth Wetland Forested: Atmosphere -> Fine Roots,Net Biome Productivity (CO2e),3.6700
Net Growth Wetland Forested: Atmosphere -> Fine Roots,Net Ecosystem Productivity,1.0000
Net Growth Wetland Forested: Atmosphere -> Fine Roots,Net Ecosystem Productivity (CO2e),3.6700
Net Growth Wetland Forested: Atmosphere -> Fine Roots,Net Growth Wetland Forested: Total,1.0000
Net Growth Wetland Forested: Atmosphere -> Fine Roots,Net Growth: Total,
Net Growth Wetland Forested: Atmosphere -> Fine Roots,Net Growth: Total (CO2e),3.6700
Net Growth Wetland Forested: Atmosphere -> Fine Roots,Net Primary Productivity,
Net Growth Wetland Forested: Atmosphere -> Fine Roots,Net Primary Productivity (CO2e),3.6700
Net Growth Wetland Forested: Atmosphere -> Foliage,Annual Net CO2 Emissions (CO2e),-3.6700
Net Growth Wetland Forested: Atmosphere -> Foliage,Annual Net CO2 Removals (CO2e),3.6700
Net Growth Wetland Forested: Atmosphere -> Foliage,Annual Net Emissions (CO2e),-3.6700
Net Growth Wetland Forested: Atmosphere -> Foliage,Annual Net Removals (CO2e),3.6700
Net Growth Wetland Forested: Atmosphere -> Foliage,Net Biome Productivity,1.0000
Net Growth Wetland Forested: Atmosphere -> Foliage,Net Biome Productivity (CO2e),3.6700
Net Growth Wetland Forested: Atmosphere -> Foliage,Net Ecosystem Productivity,1.0000
Net Growth Wetland Forested: Atmosphere -> Foliage,Net Ecosystem Productivity (CO2e),3.6700
Net Growth Wetland Forested: Atmosphere -> Foliage,Net Growth Wetland Forested: Total,1.0000
Net Growth Wetland Forested: Atmosphere -> Foliage,Net Growth: Total,
Net Growth Wetland Forested: Atmosphere -> Foliage,Net Growth: Total (CO2e),3.6700
Net Growth Wetland Forested: Atmosphere -> Foliage,Net Primary Productivity,
Net Growth Wetland Forested: Atmosphere -> Foliage,Net Primary Productivity (CO2e),3.6700
Net Growth Wetland Forested: Atmosphere -> Merchantable,Annual Net CO2 Emissions (CO2e),-3.6700
Net Growth Wetland Forested: Atmosphere -> Merchantable,Annual Net CO2 Removals (CO2e),3.6700
Net Growth Wetland Forested: Atmosphere -> Merchantable,Annual Net Emissions (CO2e),-3.6700
Net Growth Wetland Forested: Atmosphere -> Merchantable,Annual Net Removals (CO2e),3.6700
Net Growth Wetland Forested: Atmosphere -> Merchantable,Net Biome Productivity,1.0000
Net Growth Wetland Forested: Atmosphere -> Merchantable,Net Biome Productivity (CO2e),3.6700
Net Growth Wetland Forested: Atmosphere -> Merchantable,Net Ecosystem Productivity,1.0000
Net Growth Wetland Forested: Atmosphere -> Merchantable,Net Ecosystem Productivity (CO2e),3.6700
Net Growth Wetland Forested: Atmosphere -> Merchantable,Net Growth Wetland Forested: Total,1.0000
Net Growth Wetland Forested: Atmosphere -> Merchantable,Net Growth: Total,
Net Growth Wetland Forested: Atmosphere -> Merchantable,Net Growth: Total (CO2e),3.6700
Net Growth Wetland Forested: Atmosphere -> Merchantable,Net Primary Productivity,
Net Growth Wetland Forested: Atmosphere -> Merchantable,Net Primary Productivity (CO2e),3.6700
Net Growth Wetland Forested: Atmosphere -> Other Wood,Annual Net CO2 Emissions (CO2e),-3.6700
Net Growth Wetland Forested: Atmosphere -> Other Wood,Annual Net CO2 Removals (CO2e),3.6700
Net Growth Wetland Forested: Atmosphere -> Other Wood,Annual Net Emissions (CO2e),-3.6700
Net Growth Wetland Forested: Atmosphere -> Other Wood,Annual Net Removals (CO2e),3.6700
Net Growth Wetland Forested: Atmosphere -> Other Wood,Net Biome Productivity,1.0000
Net Growth Wetland Forested: Atmosphere -> Other Wood,Net Biome Productivity (CO2e),3.6700
Net Growth Wetland Forested: Atmosphere -> Other Wood,Net Ecosystem Productivity,1.0000
Net Growth Wetland Forested: Atmosphere -> Other Wood,Net Ecosystem Productivity (CO2e),3.6700
Net Growth Wetland Forested: Atmosphere -> Other Wood,Net Growth Wetland Forested: Total,1.0000
Net Growth Wetland Forested: Atmosphere -> Other Wood,Net Growth: Total,
Net Growth Wetland Forested: Atmosphere -> Other Wood,Net Growth: Total (CO2e),3.6700
Net Growth Wetland Forested: Atmosphere -> Other Wood,Net Primary Productivity,
Net Growth Wetland Forested: Atmosphere -> Other Wood,Net Primary Productivity (CO2e),3.6700
Stabilization: BG Slow -> Deep Soil,BG Slow ->,
Transfer: AG Slow -> BG Slow,Q10 Fast Flows,1.0000
Transfer: AG Slow -> BG Slow,Transfer: Total,1.0000
Transfer: Snag Branch -> AG Fast,Q10 Slow Flows,1.0000
Transfer: Snag Branch -> AG Fast,Transfer: Total,1.0000
Transfer: Snag Stem -> AG Medium,Q10 Slow Flows,1.0000
Transfer: Snag Stem -> AG Medium,Transfer: Total,1.0000
